행정구역코드,시도,시군구,인구,인구비중(%),이론표본,표본계,남성 20대,남성 30대,남성 40대,남성 50대,남성 60대,남성 70세 이상,여성 20대,여성 30대,여성 40대,여성 50대,여성 60대,여성 70세 이상
11110,서울특별시,종로구,122765,0.282,28.2,28,2,2,2,3,2,2,3,2,2,3,2,3
11140,서울특별시,중구,107024,0.2459,24.59,25,2,2,2,2,2,2,2,3,2,2,2,2
11170,서울특별시,용산구,179453,0.4123,41.23,41,3,4,3,4,3,3,3,4,3,4,3,4
11200,서울특별시,성동구,241760,0.5554,55.54,56,4,5,5,5,4,3,5,6,5,5,5,4
11215,서울특별시,광진구,294802,0.6772,67.72,68,6,7,5,6,5,4,7,7,5,6,5,5
11230,서울특별시,동대문구,306119,0.7032,70.32,70,6,6,6,6,5,5,7,6,5,6,6,6
11260,서울특별시,중랑구,337197,0.7746,77.46,77,5,7,6,7,7,6,5,7,5,7,8,7
11290,서울특별시,성북구,367286,0.8438,84.38,84,7,6,7,8,6,6,8,6,7,8,7,8
11305,서울특별시,강북구,251545,0.5779,57.79,58,4,4,4,5,5,5,4,4,4,6,6,7
11320,서울특별시,도봉구,266857,0.613,61.3,61,4,4,5,6,6,5,4,4,4,6,6,7
11350,서울특별시,노원구,416546,0.9569,95.69,96,7,7,8,9,8,7,7,7,8,10,9,9
11380,서울특별시,은평구,401142,0.9215,92.15,92,6,7,7,8,7,7,7,8,8,9,9,9
11410,서울특별시,서대문구,263250,0.6048,60.48,60,5,5,5,5,4,4,6,5,5,5,5,6
11440,서울특별시,마포구,313641,0.7205,72.05,72,5,7,6,6,5,4,7,8,6,7,5,6
11470,서울특별시,양천구,356211,0.8183,81.83,82,5,6,8,8,7,6,5,6,8,8,8,7
11500,서울특별시,강서구,482912,1.1094,110.94,111,7,11,10,9,8,7,9,11,9,10,10,10
11530,서울특별시,구로구,337211,0.7747,77.47,77,5,7,6,7,6,6,6,7,6,7,7,7
11545,서울특별시,금천구,202925,0.4662,46.62,47,4,5,4,4,4,3,4,4,3,4,4,4
11560,서울특별시,영등포구,329310,0.7565,75.65,76,5,9,6,6,6,5,7,8,6,6,6,6
11590,서울특별시,동작구,329747,0.7575,75.75,76,7,7,6,6,5,5,7,7,6,7,6,7
11620,서울특별시,관악구,440139,1.0111,101.11,101,11,12,7,8,7,6,12,10,6,7,7,8
11650,서울특별시,서초구,342304,0.7864,78.64,79,5,6,8,8,5,5,6,7,9,8,6,6
11680,서울특별시,강남구,460278,1.0574,105.74,106,7,9,10,10,7,7,8,10,12,10,8,8
11710,서울특별시,송파구,547242,1.2572,125.72,126,8,12,11,11,9,8,10,13,12,11,11,10
11740,서울특별시,강동구,423349,0.9725,97.25,97,6,9,9,8,8,6,7,9,9,9,9,8
26110,부산광역시,중구,34408,0.079,7.9,8,0,1,0,1,1,1,1,0,0,1,1,1
26140,부산광역시,서구,90749,0.2085,20.85,21,1,1,2,2,2,2,1,1,2,2,2,3
26170,부산광역시,동구,75861,0.1743,17.43,17,1,1,1,2,2,2,1,1,1,1,2,2
26200,부산광역시,영도구,91692,0.2106,21.06,21,1,1,2,2,2,2,1,1,1,2,3,3
26230,부산광역시,부산진구,322511,0.7409,74.09,74,5,6,6,6,6,5,6,6,6,7,7,8
26260,부산광역시,동래구,229765,0.5278,52.78,53,3,4,5,5,4,4,3,4,5,5,5,6
26290,부산광역시,남구,216467,0.4973,49.73,50,4,3,4,5,4,4,3,3,4,5,5,6
26320,부산광역시,북구,229274,0.5267,52.67,53,3,4,4,5,6,4,3,4,4,5,6,5
26350,부산광역시,해운대구,317392,0.7291,72.91,73,4,5,6,7,7,5,4,5,7,8,8,7
26380,부산광역시,사하구,251020,0.5767,57.67,58,4,4,5,6,6,5,3,3,4,6,6,6
26410,부산광역시,금정구,183316,0.4211,42.11,42,3,3,3,3,4,4,3,2,3,4,5,5
26440,부산광역시,강서구,115873,0.2662,26.62,26,1,3,4,2,2,1,1,3,3,2,2,2
26470,부산광역시,연제구,182209,0.4186,41.86,42,2,3,4,4,3,3,3,3,4,4,4,5
26500,부산광역시,수영구,150374,0.3455,34.55,34,2,3,2,3,3,3,2,3,3,3,3,4
26530,부산광역시,사상구,173535,0.3987,39.87,40,3,3,3,4,4,3,2,2,3,4,5,4
26710,부산광역시,기장군,142440,0.3272,32.72,33,2,2,4,3,3,2,2,2,4,3,3,3
27110,대구광역시,중구,85318,0.196,19.6,20,1,2,2,2,1,1,2,2,2,2,1,2
27140,대구광역시,동구,294151,0.6757,67.57,68,4,6,5,6,6,5,4,5,5,7,7,8
27170,대구광역시,서구,147340,0.3385,33.85,34,2,3,2,3,4,3,2,2,2,3,4,4
27200,대구광역시,남구,122404,0.2812,28.12,28,2,2,2,2,2,2,2,2,2,3,3,4
27230,대구광역시,북구,350281,0.8047,80.47,80,6,6,6,9,7,5,5,5,7,9,8,7
27260,대구광역시,수성구,337408,0.7751,77.51,77,5,5,7,8,6,5,5,5,8,9,7,7
27290,대구광역시,달서구,440833,1.0127,101.27,101,7,8,8,10,9,6,7,7,9,11,10,9
27710,대구광역시,달성군,206887,0.4753,47.53,48,3,4,5,5,4,3,2,4,5,5,4,4
27720,대구광역시,군위군,21190,0.0487,4.87,5,0,0,0,1,1,1,0,0,0,0,1,1
28110,인천광역시,중구,147711,0.3393,33.93,34,3,4,4,3,2,2,3,3,3,3,2,2
28140,인천광역시,동구,49993,0.1148,11.48,11,1,1,1,1,1,1,0,1,1,1,1,1
28177,인천광역시,미추홀구,362096,0.8318,83.18,83,6,7,8,8,7,5,5,6,7,8,8,8
28185,인천광역시,연수구,329225,0.7563,75.63,76,6,7,8,8,6,3,5,7,8,8,6,4
28200,인천광역시,남동구,412094,0.9467,94.67,95,6,7,9,10,9,6,6,7,8,10,9,8
28237,인천광역시,부평구,426053,0.9788,97.88,98,7,9,8,9,9,6,6,8,8,10,10,8
28245,인천광역시,계양구,244469,0.5616,56.16,56,4,5,4,6,6,3,4,4,4,6,6,4
28260,인천광역시,서구,533926,1.2266,122.66,123,8,12,14,12,10,5,8,12,13,12,10,7
28710,인천광역시,강화군,62915,0.1445,14.45,14,1,1,1,1,2,2,0,0,1,1,2,2
28720,인천광역시,옹진군,18238,0.0419,4.19,4,0,0,0,0,1,1,0,0,0,0,1,1
29110,광주광역시,동구,90668,0.2083,20.83,21,1,2,2,2,2,2,2,2,1,1,2,2
29140,광주광역시,서구,233819,0.5371,53.71,54,4,4,5,5,4,3,4,4,5,6,5,5
29155,광주광역시,남구,171795,0.3947,39.47,39,3,3,3,3,3,3,2,3,4,4,4,4
29170,광주광역시,북구,351808,0.8082,80.82,81,6,6,7,8,7,5,6,6,7,8,8,7
29200,광주광역시,광산구,313745,0.7208,72.08,72,6,6,7,8,5,3,6,6,8,8,5,4
30110,대전광역시,동구,189185,0.4346,43.46,43,3,3,4,4,4,3,3,3,3,4,4,5
30140,대전광역시,중구,194206,0.4461,44.61,45,3,3,4,4,4,4,3,3,4,4,4,5
30170,대전광역시,서구,389563,0.8949,89.49,90,7,8,8,9,7,5,7,7,8,9,8,7
30200,대전광역시,유성구,300701,0.6908,69.08,69,6,7,6,7,5,3,6,6,7,7,5,4
30230,대전광역시,대덕구,144551,0.3321,33.21,33,2,3,3,4,3,2,2,2,2,4,3,3
31110,울산광역시,중구,173611,0.3988,39.88,40,3,3,3,4,4,3,2,3,3,4,4,4
31140,울산광역시,남구,258527,0.5939,59.39,59,5,5,5,6,6,3,4,4,5,6,6,4
31170,울산광역시,동구,123721,0.2842,28.42,28,2,2,3,3,3,2,1,2,3,2,3,2
31200,울산광역시,북구,172476,0.3962,39.62,40,3,4,4,4,4,2,2,3,4,5,3,2
31710,울산광역시,울주군,186449,0.4283,42.83,43,3,3,4,5,5,3,2,2,3,5,4,4
36110,세종특별자치시,세종특별자치시,299142,0.6872,68.72,69,4,7,9,7,4,3,4,7,9,6,5,4
41110,경기도,수원시,1003010,2.3042,230.42,230,19,23,21,23,18,11,18,20,21,23,18,15
41130,경기도,성남시,770398,1.7698,176.98,177,13,16,16,17,15,11,12,15,16,17,15,14
41150,경기도,의정부시,394955,0.9073,90.73,91,6,7,8,9,8,6,6,7,8,10,8,8
41170,경기도,안양시,478937,1.1003,110.03,110,8,10,10,11,10,6,7,10,9,11,10,8
41190,경기도,부천시,658086,1.5118,151.18,151,10,12,13,15,15,9,10,11,12,16,16,12
41210,경기도,광명시,247914,0.5695,56.95,57,4,5,5,6,5,3,4,5,5,6,5,4
41220,경기도,평택시,505200,1.1606,116.06,116,9,13,13,12,9,5,7,10,11,11,8,8
41250,경기도,동두천시,75451,0.1733,17.33,17,1,1,1,2,2,1,1,1,1,2,2,2
41270,경기도,안산시,530503,1.2187,121.87,122,10,11,10,14,12,6,9,8,9,14,11,8
41280,경기도,고양시,902606,2.0735,207.35,207,14,17,18,21,18,12,14,16,18,23,19,17
41290,경기도,과천시,63575,0.146,14.6,15,1,1,2,1,1,1,1,2,2,1,1,1
41310,경기도,구리시,159683,0.3668,36.68,37,3,3,3,4,3,2,2,3,3,4,4,3
41360,경기도,남양주시,604586,1.3889,138.89,139,9,10,13,15,12,9,9,10,14,15,12,11
41370,경기도,오산시,204412,0.4696,46.96,47,4,5,6,5,3,2,3,4,5,4,3,3
41390,경기도,시흥시,424754,0.9758,97.58,97,7,9,11,11,9,4,6,8,9,10,8,5
41410,경기도,군포시,216709,0.4978,49.78,50,4,4,4,5,5,3,3,4,4,5,5,4
41430,경기도,의왕시,136009,0.3125,31.25,31,2,3,3,3,3,2,2,3,2,3,3,2
41450,경기도,하남시,267847,0.6153,61.53,61,4,5,7,6,5,3,4,6,7,5,5,4
41460,경기도,용인시,897658,2.0622,206.22,206,15,16,20,22,15,13,14,16,21,22,16,16
41480,경기도,파주시,432268,0.993,99.3,99,7,9,10,10,8,5,6,8,10,10,8,8
41500,경기도,이천시,187866,0.4316,43.16,43,3,4,4,4,4,3,3,3,4,4,4,3
41550,경기도,안성시,168614,0.3874,38.74,39,3,3,3,4,4,3,2,2,3,4,4,4
41570,경기도,김포시,390899,0.898,89.8,90,6,7,11,9,7,5,5,7,10,9,7,7
41590,경기도,화성시,783221,1.7993,179.93,180,14,20,22,18,12,7,12,18,21,16,11,9
41610,경기도,광주시,334411,0.7682,76.82,77,5,6,8,8,7,5,4,6,7,8,7,6
41630,경기도,양주시,244653,0.562,56.2,56,4,5,5,6,5,3,3,4,5,6,5,5
41650,경기도,포천시,125002,0.2872,28.72,29,2,2,2,3,4,3,1,1,2,3,3,3
41670,경기도,여주시,99758,0.2292,22.92,23,1,1,2,2,3,2,1,1,2,2,3,3
41800,경기도,연천군,37734,0.0867,8.67,9,1,1,0,1,1,1,0,1,0,1,1,1
41820,경기도,가평군,55566,0.1277,12.77,13,1,1,1,1,2,1,0,1,1,1,1,2
41830,경기도,양평군,111384,0.2559,25.59,26,1,1,2,3,3,3,1,1,2,2,3,4
43110,충청북도,청주시,713514,1.6391,163.91,164,13,15,15,16,14,9,11,13,15,16,14,13
43130,충청북도,충주시,178339,0.4097,40.97,41,3,3,3,4,4,4,2,2,3,4,4,5
43150,충청북도,제천시,111169,0.2554,25.54,25,2,1,2,3,3,2,1,1,2,2,3,3
43720,충청북도,보은군,27790,0.0638,6.38,6,0,0,0,1,1,1,0,0,0,1,1,1
43730,충청북도,옥천군,44397,0.102,10.2,10,1,0,1,1,1,1,0,0,1,1,1,2
43740,충청북도,영동군,38983,0.0896,8.96,9,0,0,1,1,1,1,0,0,1,1,1,2
43745,충청북도,증평군,31100,0.0714,7.14,7,0,1,1,1,1,0,0,0,0,1,1,1
43750,충청북도,진천군,72139,0.1657,16.57,17,1,2,2,2,2,1,1,1,1,2,1,1
43760,충청북도,괴산군,35275,0.081,8.1,8,1,0,1,1,1,1,0,0,0,1,1,1
43770,충청북도,음성군,82790,0.1902,19.02,19,1,1,2,2,2,2,1,1,1,2,2,2
43800,충청북도,단양군,24508,0.0563,5.63,6,0,0,0,1,1,1,0,0,0,1,1,1
44130,충청남도,천안시,552545,1.2693,126.93,127,11,12,13,13,10,6,9,10,12,13,10,8
44150,충청남도,공주시,88717,0.2038,20.38,20,1,1,1,2,3,2,1,1,1,2,2,3
44180,충청남도,보령시,81096,0.1863,18.63,19,1,1,1,2,2,2,1,1,1,2,2,3
44200,충청남도,아산시,290109,0.6665,66.65,67,5,6,8,7,5,3,4,6,7,6,5,5
44210,충청남도,서산시,145071,0.3333,33.33,33,2,3,3,4,3,3,1,2,3,3,3,3
44230,충청남도,논산시,93797,0.2155,21.55,22,1,1,2,2,3,2,1,1,1,2,3,3
44250,충청남도,계룡시,36568,0.084,8.4,8,0,1,1,1,1,0,0,1,1,1,1,0
44270,충청남도,당진시,144036,0.3309,33.09,33,2,3,3,4,3,3,1,2,3,3,3,3
44710,충청남도,금산군,43421,0.0998,9.98,10,1,0,1,1,1,1,0,0,1,1,1,2
44760,충청남도,부여군,52893,0.1215,12.15,12,0,0,1,1,2,2,0,1,1,1,1,2
44770,충청남도,서천군,43027,0.0988,9.88,10,0,0,1,1,1,2,0,0,1,1,1,2
44790,충청남도,청양군,27323,0.0628,6.28,6,0,0,0,1,1,1,1,0,0,0,1,1
44800,충청남도,홍성군,85156,0.1956,19.56,20,1,1,2,2,2,2,1,1,1,2,2,3
44810,충청남도,예산군,70054,0.1609,16.09,16,1,1,1,1,2,2,0,1,1,1,2,3
44825,충청남도,태안군,53787,0.1236,12.36,12,0,1,1,1,2,2,0,0,1,1,1,2
46110,전라남도,목포시,170307,0.3912,39.12,39,3,2,4,4,4,3,2,2,3,4,4,4
46130,전라남도,여수시,224824,0.5165,51.65,52,3,4,4,6,5,4,3,3,4,5,5,6
46150,전라남도,순천시,229380,0.5269,52.69,53,4,4,4,5,5,4,3,4,4,6,5,5
46170,전라남도,나주시,98105,0.2254,22.54,22,1,2,2,2,2,2,1,2,2,1,2,3
46230,전라남도,광양시,128581,0.2954,29.54,29,2,3,3,3,3,2,2,2,2,3,2,2
46710,전라남도,담양군,39677,0.0911,9.11,9,0,0,0,1,1,1,0,1,1,1,1,2
46720,전라남도,곡성군,24933,0.0573,5.73,6,0,0,0,1,1,1,0,0,0,1,1,1
46730,전라남도,구례군,21570,0.0496,4.96,5,0,0,0,1,1,1,0,0,0,0,1,1
46770,전라남도,고흥군,54526,0.1253,12.53,12,0,0,1,1,2,2,0,0,1,1,1,3
46780,전라남도,보성군,33545,0.0771,7.71,8,0,0,1,1,1,1,0,0,0,1,1,2
46790,전라남도,화순군,53059,0.1219,12.19,12,1,1,1,1,1,1,1,0,1,1,1,2
46800,전라남도,장흥군,30644,0.0704,7.04,7,0,0,0,1,1,1,0,0,1,1,1,1
46810,전라남도,강진군,28327,0.0651,6.51,6,0,0,0,1,1,1,0,0,0,1,1,1
46820,전라남도,해남군,55377,0.1272,12.72,13,1,1,1,1,2,2,0,0,1,1,1,2
46830,전라남도,영암군,44222,0.1016,10.16,10,1,0,1,1,1,1,0,0,1,1,1,2
46840,전라남도,무안군,77321,0.1776,17.76,18,1,1,2,2,2,1,1,1,2,2,1,2
46860,전라남도,함평군,26844,0.0617,6.17,6,0,0,0,1,1,1,1,0,0,0,1,1
46870,전라남도,영광군,46326,0.1064,10.64,11,1,1,0,1,1,1,0,1,1,1,1,2
46880,전라남도,장성군,38056,0.0874,8.74,9,0,1,1,1,1,1,0,0,1,1,1,1
46890,전라남도,완도군,39433,0.0906,9.06,9,0,0,1,1,1,1,0,0,1,1,1,2
46900,전라남도,진도군,24933,0.0573,5.73,6,0,0,0,1,1,1,1,0,0,0,1,1
46910,전라남도,신안군,37815,0.0869,8.69,9,0,0,1,1,1,1,0,0,1,1,1,2
47110,경상북도,포항시,414366,0.9519,95.19,95,6,7,8,10,10,7,4,6,8,10,10,9
47130,경상북도,경주시,213595,0.4907,49.07,49,3,3,4,5,6,5,2,2,3,5,5,6
47150,경상북도,김천시,114533,0.2631,26.31,26,1,2,2,3,3,2,1,1,2,2,3,4
47170,경상북도,안동시,132404,0.3042,30.42,31,2,2,2,3,3,3,2,2,2,3,3,4
47190,경상북도,구미시,331681,0.762,76.2,76,6,7,8,8,7,3,4,6,8,8,6,5
47210,경상북도,영주시,84496,0.1941,19.41,19,1,1,1,2,2,2,1,1,1,2,2,3
47230,경상북도,영천시,85105,0.1955,19.55,20,1,1,1,2,3,2,1,1,1,2,2,3
47250,경상북도,상주시,79573,0.1828,18.28,18,1,1,1,2,2,2,1,1,1,1,2,3
47280,경상북도,문경시,57993,0.1332,13.32,13,1,1,1,1,1,2,0,1,1,1,1,2
47290,경상북도,경산시,226505,0.5203,52.03,52,4,4,4,5,5,4,4,3,4,5,5,5
47730,경상북도,의성군,44597,0.1025,10.25,10,0,0,1,1,2,2,0,0,0,1,1,2
47750,경상북도,청송군,21675,0.0498,4.98,5,0,0,0,1,1,1,0,0,0,0,1,1
47760,경상북도,영양군,14625,0.0336,3.36,3,0,0,0,0,1,1,0,0,0,0,0,1
47770,경상북도,영덕군,30006,0.0689,6.89,7,0,0,0,1,1,1,0,0,0,1,1,2
47820,경상북도,청도군,37126,0.0853,8.53,9,0,0,1,1,1,1,0,0,1,1,1,2
47830,경상북도,고령군,27145,0.0624,6.24,6,0,0,0,1,1,1,0,0,0,1,1,1
47840,경상북도,성주군,37474,0.0861,8.61,9,0,1,1,1,1,1,0,0,0,1,1,2
47850,경상북도,칠곡군,89430,0.2054,20.54,21,1,1,2,3,2,2,1,1,2,2,2,2
47900,경상북도,예천군,45616,0.1048,10.48,11,0,1,1,1,1,1,0,1,1,1,1,2
47920,경상북도,봉화군,25899,0.0595,5.95,6,0,0,0,1,1,1,0,0,0,1,1,1
47930,경상북도,울진군,40689,0.0935,9.35,9,0,1,1,1,1,1,0,0,1,1,1,1
47940,경상북도,울릉군,8037,0.0185,1.85,2,0,1,0,1,0,0,0,0,0,0,0,0
48120,경상남도,창원시,837941,1.925,192.5,193,13,15,18,20,19,12,10,13,17,20,20,16
48170,경상남도,진주시,281971,0.6478,64.78,65,5,5,5,7,6,4,4,4,5,7,6,7
48220,경상남도,통영시,99542,0.2287,22.87,23,1,1,2,3,2,2,1,1,2,2,3,3
48240,경상남도,사천시,92509,0.2125,21.25,21,1,1,2,2,2,2,1,1,2,2,2,3
48250,경상남도,김해시,439668,1.01,101.0,101,7,8,10,12,9,5,5,7,10,12,9,7
48270,경상남도,밀양시,88657,0.2037,20.37,20,1,1,1,2,2,2,1,1,1,2,3,3
48310,경상남도,거제시,187675,0.4311,43.11,43,2,3,5,6,4,2,2,2,5,5,4,3
48330,경상남도,양산시,298617,0.686,68.6,69,4,6,7,7,6,4,4,5,7,7,6,6
48720,경상남도,의령군,22667,0.0521,5.21,5,0,0,0,1,1,1,0,0,0,0,1,1
48730,경상남도,함안군,50234,0.1154,11.54,12,1,1,1,1,1,1,0,1,1,1,1,2
48740,경상남도,창녕군,49389,0.1135,11.35,11,0,1,1,1,2,1,0,0,1,1,1,2
48820,경상남도,고성군,42062,0.0966,9.66,10,1,0,1,1,1,1,0,0,1,1,1,2
48840,경상남도,남해군,36991,0.085,8.5,9,0,0,1,1,1,1,0,0,1,1,1,2
48850,경상남도,하동군,36721,0.0844,8.44,8,0,0,1,1,1,1,0,0,0,1,1,2
48860,경상남도,산청군,30258,0.0695,6.95,7,0,0,0,1,1,1,0,0,0,1,1,2
48870,경상남도,함양군,31840,0.0731,7.31,7,0,0,0,1,1,1,0,0,0,1,1,2
48880,경상남도,거창군,50789,0.1167,11.67,12,1,1,1,1,1,1,0,1,1,1,1,2
48890,경상남도,합천군,36304,0.0834,8.34,8,0,0,1,1,1,1,0,0,0,1,1,2
50110,제주특별자치도,제주시,399373,0.9175,91.75,91,6,7,9,10,8,5,6,7,8,9,8,8
50130,제주특별자치도,서귀포시,150941,0.3468,34.68,35,2,2,3,4,4,3,2,2,3,3,3,4
51110,강원특별자치도,춘천시,242407,0.5569,55.69,56,4,4,5,5,5,4,4,4,5,5,5,6
51130,강원특별자치도,원주시,305145,0.701,70.1,70,5,6,6,7,7,4,4,5,6,7,7,6
51150,강원특별자치도,강릉시,179466,0.4123,41.23,41,3,3,3,4,4,4,2,2,3,4,4,5
51170,강원특별자치도,동해시,73796,0.1695,16.95,17,1,1,1,2,2,1,1,1,1,2,2,2
51190,강원특별자치도,태백시,32398,0.0744,7.44,7,0,0,1,1,1,1,0,0,0,1,1,1
51210,강원특별자치도,속초시,68798,0.158,15.8,16,1,1,1,1,2,1,1,1,1,2,2,2
51230,강원특별자치도,삼척시,53296,0.1224,12.24,12,1,1,1,1,1,1,1,0,1,1,1,2
51720,강원특별자치도,홍천군,58998,0.1355,13.55,14,1,1,1,1,2,2,0,0,1,1,2,2
51730,강원특별자치도,횡성군,40837,0.0938,9.38,9,0,1,1,1,1,1,0,0,1,1,1,1
51750,강원특별자치도,영월군,32474,0.0746,7.46,7,0,0,1,1,1,1,0,0,0,1,1,1
51760,강원특별자치도,평창군,36125,0.083,8.3,8,0,0,1,1,1,1,0,0,1,1,1,1
51770,강원특별자치도,정선군,31688,0.0728,7.28,7,0,0,1,1,1,1,0,0,0,1,1,1
51780,강원특별자치도,철원군,34667,0.0796,7.96,8,1,1,0,1,1,1,0,0,0,1,1,1
51790,강원특별자치도,화천군,19575,0.045,4.5,5,1,0,0,0,1,1,0,0,0,0,1,1
51800,강원특별자치도,양구군,17364,0.0399,3.99,4,0,0,0,0,1,0,0,1,0,0,1,1
51810,강원특별자치도,인제군,26804,0.0616,6.16,6,1,1,0,0,1,1,0,0,0,0,1,1
51820,강원특별자치도,고성군,24069,0.0553,5.53,6,0,0,0,1,1,1,1,0,0,0,1,1
51830,강원특별자치도,양양군,24569,0.0564,5.64,6,0,0,0,1,1,1,0,0,0,1,1,1
52110,전북특별자치도,전주시,522187,1.1996,119.96,120,9,9,10,12,10,8,9,8,11,12,11,11
52130,전북특별자치도,군산시,217121,0.4988,49.88,50,3,3,4,6,5,4,3,3,4,5,5,5
52140,전북특별자치도,익산시,229563,0.5274,52.74,53,4,4,4,6,5,4,3,3,4,5,5,6
52180,전북특별자치도,정읍시,88748,0.2039,20.39,20,1,1,2,2,2,2,1,1,1,2,2,3
52190,전북특별자치도,남원시,65028,0.1494,14.94,15,1,1,1,2,1,2,1,1,1,1,1,2
52210,전북특별자치도,김제시,72572,0.1667,16.67,17,1,1,1,1,2,2,1,1,1,1,2,3
52710,전북특별자치도,완주군,85967,0.1975,19.75,20,1,1,2,2,2,2,1,1,2,2,2,2
52720,전북특별자치도,진안군,21942,0.0504,5.04,5,0,0,0,1,1,1,0,0,0,0,1,1
52730,전북특별자치도,무주군,20420,0.0469,4.69,5,0,0,0,1,1,1,0,0,0,0,1,1
52740,전북특별자치도,장수군,18782,0.0431,4.31,4,0,0,0,0,1,1,0,0,0,0,1,1
52750,전북특별자치도,임실군,22921,0.0527,5.27,5,0,0,0,1,1,1,0,0,0,0,1,1
52770,전북특별자치도,순창군,24638,0.0566,5.66,5,0,0,0,1,1,1,0,0,0,0,1,1
52790,전북특별자치도,고창군,44792,0.1029,10.29,10,1,0,1,1,1,1,0,0,1,1,1,2
52800,전북특별자치도,부안군,42458,0.0975,9.75,10,1,0,1,1,1,1,0,0,1,1,1,2
