행정구역코드,시도,시군구,인구,인구비중(%),이론표본,표본계,남성 14-19세,남성 20대,남성 30대,남성 40대,남성 50대,남성 60대,남성 70세 이상,여성 14-19세,여성 20대,여성 30대,여성 40대,여성 50대,여성 60대,여성 70세 이상
11110,서울특별시,종로구,128609,0.2776,27.76,28,1,2,2,2,2,2,2,1,2,2,2,3,2,3
11140,서울특별시,중구,110649,0.2389,23.89,24,0,2,2,2,2,2,2,0,2,2,2,2,2,2
11170,서울특별시,용산구,187284,0.4043,40.43,40,1,3,4,3,3,3,2,1,3,4,3,4,3,3
11200,서울특별시,성동구,252350,0.5448,54.48,54,1,4,5,4,5,4,3,1,4,6,4,5,4,4
11215,서울특별시,광진구,309059,0.6672,66.72,67,2,5,6,5,5,5,4,2,6,6,5,6,5,5
11230,서울특별시,동대문구,320125,0.6911,69.11,69,2,6,6,5,6,5,4,2,6,6,5,5,5,6
11260,서울특별시,중랑구,351422,0.7587,75.87,76,2,5,6,6,6,7,5,2,5,6,5,7,7,7
11290,서울특별시,성북구,388429,0.8386,83.86,84,2,6,6,6,8,6,5,2,7,6,7,8,7,8
11305,서울특별시,강북구,262881,0.5675,56.75,57,1,4,4,4,5,5,5,1,4,4,4,5,5,6
11320,서울특별시,도봉구,280133,0.6048,60.48,60,2,4,4,4,5,5,5,1,4,4,4,6,6,6
11350,서울특별시,노원구,444512,0.9596,95.96,96,3,7,7,7,9,7,6,3,7,6,8,9,8,9
11380,서울특별시,은평구,422261,0.9116,91.16,91,2,6,7,7,8,7,6,2,7,7,7,8,8,9
11410,서울특별시,서대문구,276554,0.597,59.7,60,2,4,5,4,5,4,4,2,5,5,5,5,5,5
11440,서울특별시,마포구,329491,0.7113,71.13,71,2,5,6,6,6,4,4,2,7,7,6,6,5,5
11470,서울특별시,양천구,384208,0.8294,82.94,83,3,5,6,7,8,6,5,3,5,6,8,8,7,6
11500,서울특별시,강서구,507333,1.0952,109.52,110,3,7,10,9,8,8,7,3,9,10,9,9,9,9
11530,서울특별시,구로구,353828,0.7639,76.39,76,2,5,7,6,6,6,5,2,5,7,6,6,6,7
11545,서울특별시,금천구,210449,0.4543,45.43,45,1,3,4,3,4,4,3,1,3,4,3,4,4,4
11560,서울특별시,영등포구,342798,0.74,74.0,74,2,5,8,6,6,5,4,1,7,8,5,6,5,6
11590,서울특별시,동작구,345185,0.7452,74.52,75,2,6,7,6,6,5,4,2,7,7,5,6,6,6
11620,서울특별시,관악구,455339,0.983,98.3,98,2,10,11,7,7,6,6,2,11,9,6,7,6,8
11650,서울특별시,서초구,369809,0.7984,79.84,80,3,5,6,7,7,5,5,3,6,7,8,7,5,6
11680,서울특별시,강남구,498574,1.0763,107.63,108,4,6,8,10,10,7,6,4,7,9,12,10,7,8
11710,서울특별시,송파구,581016,1.2543,125.43,125,4,7,11,11,10,9,7,4,9,12,11,11,10,9
11740,서울특별시,강동구,449134,0.9696,96.96,97,3,6,8,9,8,7,6,3,6,9,9,8,8,7
26110,부산광역시,중구,35353,0.0763,7.63,8,0,0,1,0,1,1,1,0,1,0,0,1,1,1
26140,부산광역시,서구,95017,0.2051,20.51,20,1,1,1,1,2,2,2,0,1,1,1,2,2,3
26170,부산광역시,동구,78621,0.1697,16.97,17,0,1,1,1,2,2,2,0,1,1,1,1,2,2
26200,부산광역시,영도구,95618,0.2064,20.64,21,1,1,1,1,2,2,2,1,1,1,1,2,2,3
26230,부산광역시,부산진구,337189,0.7279,72.79,73,2,5,6,5,6,6,5,2,5,6,5,6,7,7
26260,부산광역시,동래구,245163,0.5293,52.93,53,2,3,3,4,5,4,4,2,3,3,5,5,5,5
26290,부산광역시,남구,229687,0.4959,49.59,50,2,3,3,4,4,4,4,2,3,3,4,4,5,5
26320,부산광역시,북구,241452,0.5213,52.13,52,1,3,4,4,4,5,4,1,3,3,4,5,6,5
26350,부산광역시,해운대구,338206,0.7301,73.01,73,2,4,5,6,7,6,5,2,4,5,6,7,7,7
26380,부산광역시,사하구,264875,0.5718,57.18,57,2,3,4,4,5,5,5,2,3,3,4,5,6,6
26410,부산광역시,금정구,192787,0.4162,41.62,42,1,3,2,3,3,4,4,1,3,2,3,4,4,5
26440,부산광역시,강서구,125014,0.2699,26.99,27,1,1,3,3,2,2,1,1,1,3,3,2,2,2
26470,부산광역시,연제구,192294,0.4151,41.51,41,1,2,3,3,4,3,3,1,3,3,3,4,4,4
26500,부산광역시,수영구,157111,0.3392,33.92,34,1,2,3,2,3,3,3,1,2,2,2,3,3,4
26530,부산광역시,사상구,181533,0.3919,39.19,39,1,2,3,3,4,4,3,1,2,2,2,4,4,4
26710,부산광역시,기장군,153623,0.3316,33.16,33,1,2,2,3,3,3,2,1,2,2,3,3,3,3
27110,대구광역시,중구,89691,0.1936,19.36,19,0,1,2,2,1,1,1,1,2,2,2,1,1,2
27140,대구광역시,동구,309633,0.6684,66.84,67,2,4,5,5,6,6,5,2,4,4,5,6,6,7
27170,대구광역시,서구,153289,0.3309,33.09,33,1,2,2,2,3,3,3,1,1,2,2,3,4,4
27200,대구광역시,남구,127515,0.2753,27.53,27,1,2,2,2,2,2,2,0,2,2,2,2,3,3
27230,대구광역시,북구,373264,0.8058,80.58,81,3,6,6,6,8,7,5,2,5,5,6,8,7,7
27260,대구광역시,수성구,365601,0.7893,78.93,79,3,5,5,6,8,6,5,3,4,5,7,8,7,7
27290,대구광역시,달서구,470646,1.016,101.6,102,3,7,7,8,10,9,6,3,6,6,8,11,10,8
27710,대구광역시,달성군,222170,0.4796,47.96,48,2,3,4,5,4,4,3,2,2,3,5,4,4,3
27720,대구광역시,군위군,21718,0.0469,4.69,5,0,0,0,0,1,1,1,0,0,0,0,0,1,1
28110,인천광역시,중구,157047,0.339,33.9,34,1,2,4,3,3,2,2,1,3,3,3,3,2,2
28140,인천광역시,동구,52633,0.1136,11.36,11,0,0,1,1,1,1,1,0,1,1,1,1,1,1
28177,인천광역시,미추홀구,381815,0.8243,82.43,82,2,6,7,7,8,7,5,2,5,6,6,7,7,7
28185,인천광역시,연수구,357024,0.7708,77.08,77,3,5,6,8,7,6,3,3,5,6,8,7,6,4
28200,인천광역시,남동구,439078,0.9479,94.79,95,3,6,7,8,9,8,5,3,6,6,8,9,9,8
28237,인천광역시,부평구,449616,0.9706,97.06,97,3,6,8,8,9,8,5,3,6,8,7,9,9,8
28245,인천광역시,계양구,258001,0.557,55.7,56,1,4,4,4,5,6,3,2,3,4,4,6,6,4
28260,인천광역시,서구,572625,1.2362,123.62,124,4,8,11,13,12,9,5,4,7,11,12,12,9,7
28710,인천광역시,강화군,65568,0.1416,14.16,14,0,0,1,1,1,2,2,0,0,1,1,1,2,2
28720,인천광역시,옹진군,18800,0.0406,4.06,4,0,0,0,0,0,1,1,0,0,0,0,0,1,1
29110,광주광역시,동구,95144,0.2054,20.54,21,0,1,2,1,1,2,2,1,2,2,1,2,2,2
29140,광주광역시,서구,250288,0.5403,54.03,54,2,4,4,4,5,4,3,2,4,4,4,5,5,4
29155,광주광역시,남구,185419,0.4003,40.03,40,1,2,3,3,3,3,3,2,2,2,4,4,4,4
29170,광주광역시,북구,375722,0.8111,81.11,81,3,6,6,7,7,6,5,2,5,6,6,8,7,7
29200,광주광역시,광산구,342936,0.7403,74.03,74,3,6,5,7,8,5,3,3,5,5,7,8,5,4
30110,대전광역시,동구,200922,0.4338,43.38,43,1,3,3,3,4,4,3,1,3,3,3,4,4,4
30140,대전광역시,중구,206381,0.4455,44.55,45,1,3,3,3,4,4,3,2,3,3,3,4,4,5
30170,대전광역시,서구,417337,0.901,90.1,90,3,7,7,7,8,6,5,3,7,7,8,9,7,6
30200,대전광역시,유성구,323424,0.6982,69.82,70,3,6,7,6,6,5,3,2,5,6,6,6,5,4
30230,대전광역시,대덕구,152966,0.3302,33.02,33,1,2,2,3,4,3,2,1,2,2,2,3,3,3
31110,울산광역시,중구,184862,0.3991,39.91,40,1,2,3,3,4,4,3,1,2,3,3,4,4,3
31140,울산광역시,남구,275228,0.5942,59.42,59,2,4,5,5,6,5,3,2,3,4,5,6,5,4
31170,울산광역시,동구,133400,0.288,28.8,29,1,2,2,3,3,3,2,1,1,2,2,2,3,2
31200,울산광역시,북구,187257,0.4043,40.43,40,2,3,3,4,4,3,1,2,2,3,4,4,3,2
31710,울산광역시,울주군,199231,0.4301,43.01,43,2,3,3,4,5,4,3,1,2,2,3,4,4,3
36110,세종특별자치시,세종특별자치시,330260,0.713,71.3,71,3,4,6,8,7,4,3,3,4,6,9,6,4,4
41110,경기도,수원시,1070414,2.3108,231.08,231,7,18,22,20,21,17,10,7,17,19,20,22,17,14
41130,경기도,성남시,819514,1.7692,176.92,177,6,12,15,15,16,14,10,5,11,14,15,16,15,13
41150,경기도,의정부시,419117,0.9048,90.48,90,3,6,7,7,9,7,5,3,6,6,7,9,8,7
41170,경기도,안양시,508855,1.0985,109.85,110,3,7,10,9,10,9,6,3,7,9,9,10,10,8
41190,경기도,부천시,696278,1.5031,150.31,150,4,9,12,12,14,14,8,4,9,11,12,15,15,11
41210,경기도,광명시,265117,0.5723,57.23,57,2,4,5,5,5,4,3,2,4,4,5,5,5,4
41220,경기도,평택시,539587,1.1649,116.49,116,4,9,12,12,11,8,5,4,7,9,10,10,8,7
41250,경기도,동두천시,80122,0.173,17.3,17,0,1,1,1,2,2,1,1,1,1,1,1,2,2
41270,경기도,안산시,563608,1.2167,121.67,122,4,10,10,10,13,11,5,4,8,8,9,13,10,7
41280,경기도,고양시,960865,2.0743,207.43,207,6,13,16,17,20,17,11,6,13,16,17,21,18,16
41290,경기도,과천시,68151,0.1471,14.71,15,1,1,1,1,1,1,1,1,1,1,2,1,1,1
41310,경기도,구리시,169571,0.3661,36.61,37,1,2,3,3,4,3,2,1,2,3,3,4,3,3
41360,경기도,남양주시,652092,1.4078,140.78,141,6,9,9,13,14,11,8,5,8,9,13,14,11,11
41370,경기도,오산시,220408,0.4758,47.58,48,2,3,5,5,5,3,2,2,3,4,5,4,3,2
41390,경기도,시흥시,455547,0.9834,98.34,98,3,7,9,10,10,8,4,3,6,8,9,9,7,5
41410,경기도,군포시,230676,0.498,49.8,50,2,3,4,4,5,4,3,1,3,3,4,5,5,4
41430,경기도,의왕시,144101,0.3111,31.11,31,1,2,3,2,3,3,2,1,2,2,2,3,3,2
41450,경기도,하남시,286897,0.6194,61.94,62,2,4,5,7,5,4,3,2,4,6,6,5,5,4
41460,경기도,용인시,970708,2.0956,209.56,210,8,14,15,19,21,14,12,8,13,15,20,21,15,15
41480,경기도,파주시,464971,1.0038,100.38,100,4,6,8,10,10,7,5,4,6,8,9,9,7,7
41500,경기도,이천시,200899,0.4337,43.37,43,2,3,4,4,4,4,2,1,3,3,3,4,3,3
41550,경기도,안성시,179317,0.3871,38.71,39,1,3,3,3,4,4,3,1,2,2,3,4,3,3
41570,경기도,김포시,422635,0.9124,91.24,91,3,5,7,10,8,7,5,3,5,7,10,8,7,6
41590,경기도,화성시,851048,1.8373,183.73,184,8,13,19,21,17,12,6,7,11,17,19,15,11,8
41610,경기도,광주시,355602,0.7677,76.77,77,3,4,6,8,8,7,4,2,4,5,7,7,7,5
41630,경기도,양주시,261725,0.565,56.5,56,2,4,5,5,6,4,3,2,3,4,5,5,4,4
41650,경기도,포천시,131204,0.2832,28.32,28,1,2,2,2,3,4,2,1,1,1,1,2,3,3
41670,경기도,여주시,105253,0.2272,22.72,23,1,1,1,2,2,3,2,1,1,1,2,2,2,2
41800,경기도,연천군,39425,0.0851,8.51,9,0,1,1,0,1,1,1,0,1,0,0,1,1,1
41820,경기도,가평군,58124,0.1255,12.55,13,0,1,1,1,1,1,1,0,1,1,1,1,1,2
41830,경기도,양평군,117367,0.2534,25.34,25,1,1,1,1,2,3,3,1,1,1,2,2,3,3
43110,충청북도,청주시,764014,1.6494,164.94,165,6,12,15,14,15,13,9,5,10,12,14,15,13,12
43130,충청북도,충주시,188990,0.408,40.8,41,1,3,3,3,4,4,3,1,2,2,3,4,4,4
43150,충청북도,제천시,117935,0.2546,25.46,25,1,1,1,2,2,3,2,1,1,1,2,2,3,3
43720,충청북도,보은군,28898,0.0624,6.24,6,0,0,0,0,1,1,1,0,0,0,0,1,1,1
43730,충청북도,옥천군,46629,0.1007,10.07,10,0,1,0,1,1,1,1,0,0,0,1,1,1,2
43740,충청북도,영동군,40707,0.0879,8.79,9,0,0,0,1,1,1,1,0,0,0,1,1,1,2
43745,충청북도,증평군,33075,0.0714,7.14,7,0,0,1,1,1,1,0,0,0,0,0,1,1,1
43750,충청북도,진천군,77294,0.1669,16.69,17,1,1,1,2,2,2,1,1,1,1,1,1,1,1
43760,충청북도,괴산군,36478,0.0787,7.87,8,0,0,0,1,1,1,1,0,0,0,1,1,1,1
43770,충청북도,음성군,87320,0.1885,18.85,19,1,1,1,1,2,2,1,1,1,1,1,2,2,2
43800,충청북도,단양군,25479,0.055,5.5,5,0,0,0,0,1,1,1,0,0,0,0,0,1,1
44130,충청남도,천안시,593326,1.2809,128.09,128,4,10,12,12,12,9,6,4,9,10,11,12,9,8
44150,충청남도,공주시,93699,0.2023,20.23,20,1,1,1,1,2,2,2,0,1,1,1,2,2,3
44180,충청남도,보령시,85499,0.1846,18.46,18,0,1,1,1,2,2,2,0,1,1,1,1,2,3
44200,충청남도,아산시,313628,0.6771,67.71,68,3,5,6,7,7,5,3,3,4,5,6,5,4,5
44210,충청남도,서산시,155208,0.3351,33.51,34,1,2,3,3,3,3,3,1,1,2,3,3,3,3
44230,충청남도,논산시,98944,0.2136,21.36,21,1,1,1,1,2,2,2,1,1,1,1,2,2,3
44250,충청남도,계룡시,40358,0.0871,8.71,9,0,0,1,1,1,1,0,0,0,1,1,1,1,1
44270,충청남도,당진시,153993,0.3324,33.24,33,1,2,3,3,3,3,2,1,1,2,3,3,3,3
44710,충청남도,금산군,45998,0.0993,9.93,10,0,1,0,1,1,1,1,0,0,0,1,1,1,2
44760,충청남도,부여군,55282,0.1193,11.93,12,0,1,0,1,1,2,2,0,0,0,1,1,1,2
44770,충청남도,서천군,44755,0.0966,9.66,10,0,0,0,1,1,1,1,0,0,1,1,1,1,2
44790,충청남도,청양군,28547,0.0616,6.16,6,0,0,0,0,1,1,1,0,0,0,0,1,1,1
44800,충청남도,홍성군,90832,0.1961,19.61,20,1,1,1,1,2,2,2,1,1,1,1,2,2,2
44810,충청남도,예산군,73449,0.1586,15.86,16,0,1,1,1,1,2,2,0,0,1,1,1,2,3
44825,충청남도,태안군,56121,0.1212,12.12,12,0,1,1,1,1,1,1,0,1,0,1,1,1,2
46110,전라남도,목포시,183312,0.3957,39.57,40,2,3,2,3,4,3,3,1,2,2,3,4,4,4
46130,전라남도,여수시,239247,0.5165,51.65,52,2,3,3,4,5,5,4,1,2,3,4,5,5,6
46150,전라남도,순천시,246346,0.5318,53.18,53,2,3,4,4,5,5,3,2,3,3,4,5,5,5
46170,전라남도,나주시,104134,0.2248,22.48,22,1,1,1,2,2,2,2,1,1,2,2,1,2,2
46230,전라남도,광양시,138137,0.2982,29.82,30,1,2,2,3,3,3,2,1,2,2,2,3,2,2
46710,전라남도,담양군,41454,0.0895,8.95,9,0,0,0,1,1,1,1,0,0,0,1,1,1,2
46720,전라남도,곡성군,25957,0.056,5.6,6,0,0,0,0,1,1,1,0,0,0,0,1,1,1
46730,전라남도,구례군,22518,0.0486,4.86,5,0,0,0,0,1,1,1,0,0,0,0,0,1,1
46770,전라남도,고흥군,56507,0.122,12.2,12,0,0,0,1,1,2,2,0,0,0,1,1,1,3
46780,전라남도,보성군,34937,0.0754,7.54,7,0,0,0,0,1,1,1,0,0,0,0,1,1,2
46790,전라남도,화순군,56049,0.121,12.1,12,0,1,1,1,1,1,1,0,1,0,1,1,1,2
46800,전라남도,장흥군,32026,0.0691,6.91,7,0,0,0,1,1,1,1,0,0,0,0,1,1,1
46810,전라남도,강진군,29643,0.064,6.4,6,0,0,0,0,1,1,1,0,0,0,0,1,1,1
46820,전라남도,해남군,58136,0.1255,12.55,13,0,1,1,1,1,2,1,0,1,0,1,1,1,2
46830,전라남도,영암군,46583,0.1006,10.06,10,0,1,0,1,1,1,1,0,0,0,1,1,1,2
46840,전라남도,무안군,83694,0.1807,18.07,18,1,1,1,2,2,1,1,1,1,1,2,1,1,2
46860,전라남도,함평군,27922,0.0603,6.03,6,0,0,0,0,1,1,1,0,0,0,0,1,1,1
46870,전라남도,영광군,48807,0.1054,10.54,10,0,0,1,1,1,1,1,0,0,0,1,1,1,2
46880,전라남도,장성군,39903,0.0861,8.61,9,0,1,0,1,1,1,1,0,0,0,1,1,1,1
46890,전라남도,완도군,41365,0.0893,8.93,9,0,0,0,1,1,1,1,0,0,0,1,1,1,2
46900,전라남도,진도군,26136,0.0564,5.64,6,0,0,0,0,1,1,1,0,0,0,0,1,1,1
46910,전라남도,신안군,39500,0.0853,8.53,8,0,0,0,1,1,1,1,0,0,0,1,1,1,1
47110,경상북도,포항시,441516,0.9532,95.32,95,3,6,6,8,9,9,7,3,4,5,7,9,10,9
47130,경상북도,경주시,225133,0.486,48.6,49,1,3,3,4,5,5,4,1,2,2,3,5,5,6
47150,경상북도,김천시,121915,0.2632,26.32,26,1,1,2,2,2,3,2,1,1,1,2,2,3,3
47170,경상북도,안동시,140451,0.3032,30.32,30,1,2,2,2,3,3,3,1,1,1,2,2,3,4
47190,경상북도,구미시,357796,0.7724,77.24,77,3,5,7,8,7,6,3,3,4,6,7,8,6,4
47210,경상북도,영주시,90028,0.1944,19.44,20,1,1,1,1,2,2,2,0,1,1,1,2,2,3
47230,경상북도,영천시,88852,0.1918,19.18,19,0,1,1,1,2,2,2,0,1,1,1,2,2,3
47250,경상북도,상주시,83995,0.1813,18.13,18,1,1,1,1,1,2,2,0,1,1,1,1,2,3
47280,경상북도,문경시,60984,0.1317,13.17,13,0,1,1,1,1,1,1,0,1,0,1,1,2,2
47290,경상북도,경산시,240276,0.5187,51.87,52,2,4,4,4,5,4,3,2,3,3,4,5,4,5
47730,경상북도,의성군,45927,0.0991,9.91,10,0,0,0,1,1,2,2,0,0,0,0,1,1,2
47750,경상북도,청송군,22275,0.0481,4.81,5,0,0,0,0,1,1,1,0,0,0,0,0,1,1
47760,경상북도,영양군,15202,0.0328,3.28,3,0,0,0,0,0,1,1,0,0,0,0,0,0,1
47770,경상북도,영덕군,31063,0.0671,6.71,7,0,0,0,0,1,1,1,0,0,0,0,1,1,2
47820,경상북도,청도군,38400,0.0829,8.29,8,0,0,0,1,1,1,1,0,0,0,0,1,1,2
47830,경상북도,고령군,28201,0.0609,6.09,6,0,0,0,0,1,1,1,0,0,0,0,1,1,1
47840,경상북도,성주군,38723,0.0836,8.36,8,0,0,1,1,1,1,1,0,0,0,0,1,1,1
47850,경상북도,칠곡군,95685,0.2066,20.66,21,1,1,1,2,2,2,1,1,1,1,2,2,2,2
47900,경상북도,예천군,48295,0.1043,10.43,11,0,0,1,1,1,1,1,0,0,1,1,1,1,2
47920,경상북도,봉화군,27008,0.0583,5.83,6,0,0,0,0,1,1,1,0,0,0,0,1,1,1
47930,경상북도,울진군,42603,0.092,9.2,9,0,0,1,1,1,1,1,0,0,0,1,1,1,1
47940,경상북도,울릉군,8297,0.0179,1.79,2,0,0,0,0,0,1,0,0,1,0,0,0,0,0
48120,경상남도,창원시,894895,1.9319,193.19,193,6,12,14,17,19,18,12,6,9,12,16,19,18,15
48170,경상남도,진주시,302107,0.6522,65.22,65,2,5,5,5,6,5,4,2,4,4,5,6,6,6
48220,경상남도,통영시,107066,0.2311,23.11,23,1,1,1,2,2,2,2,1,1,1,2,2,2,3
48240,경상남도,사천시,98729,0.2131,21.31,21,1,1,1,2,2,2,2,1,1,1,1,2,2,2
48250,경상남도,김해시,475259,1.026,102.6,103,4,7,7,9,11,9,5,4,5,7,9,11,8,7
48270,경상남도,밀양시,93019,0.2008,20.08,20,1,1,1,1,2,2,2,0,1,1,1,2,2,3
48310,경상남도,거제시,204516,0.4415,44.15,44,2,2,3,5,5,4,2,2,2,2,4,4,4,3
48330,경상남도,양산시,320348,0.6916,69.16,69,2,4,5,7,7,6,4,2,3,5,6,7,6,5
48720,경상남도,의령군,23459,0.0506,5.06,5,0,0,0,0,1,1,1,0,0,0,0,0,1,1
48730,경상남도,함안군,53543,0.1156,11.56,12,0,1,1,1,1,1,1,1,0,0,1,1,1,2
48740,경상남도,창녕군,51754,0.1117,11.17,11,0,0,1,1,1,1,1,0,0,1,1,1,1,2
48820,경상남도,고성군,44495,0.0961,9.61,10,1,0,0,1,1,1,1,0,0,0,1,1,1,2
48840,경상남도,남해군,38782,0.0837,8.37,9,0,0,0,1,1,1,1,0,0,0,1,1,1,2
48850,경상남도,하동군,38121,0.0823,8.23,8,0,0,0,1,1,1,1,0,0,0,0,1,1,2
48860,경상남도,산청군,31396,0.0678,6.78,7,0,0,0,0,1,1,1,0,0,0,0,1,1,2
48870,경상남도,함양군,33483,0.0723,7.23,7,0,0,0,1,1,1,1,0,0,0,0,1,1,1
48880,경상남도,거창군,54422,0.1175,11.75,12,0,1,1,1,1,1,1,0,0,1,1,1,1,2
48890,경상남도,합천군,37532,0.081,8.1,8,0,0,0,1,1,1,1,0,0,0,0,1,1,2
50110,제주특별자치도,제주시,430469,0.9293,92.93,93,4,6,7,8,9,7,5,4,5,7,8,9,7,7
50130,제주특별자치도,서귀포시,161431,0.3485,34.85,35,1,2,2,3,4,3,3,1,1,2,3,3,3,4
51110,강원특별자치도,춘천시,257722,0.5564,55.64,56,2,4,4,4,5,5,4,2,3,4,4,5,5,5
51130,강원특별자치도,원주시,325997,0.7038,70.38,70,2,4,5,6,7,6,4,2,4,5,6,7,6,6
51150,강원특별자치도,강릉시,189733,0.4096,40.96,41,1,2,2,3,4,4,4,1,2,2,3,4,4,5
51170,강원특별자치도,동해시,78588,0.1697,16.97,17,1,1,1,1,2,1,1,1,1,1,1,1,2,2
51190,강원특별자치도,태백시,34448,0.0744,7.44,8,0,0,0,1,1,1,1,0,0,0,1,1,1,1
51210,강원특별자치도,속초시,72706,0.157,15.7,16,0,1,1,1,1,2,1,0,1,1,1,2,2,2
51230,강원특별자치도,삼척시,56208,0.1213,12.13,12,0,1,1,1,1,1,1,0,1,0,1,1,1,2
51720,강원특별자치도,홍천군,61664,0.1331,13.31,13,0,1,1,1,1,2,1,0,0,0,1,1,2,2
51730,강원특별자치도,횡성군,43047,0.0929,9.29,9,0,1,0,1,1,1,1,0,0,0,1,1,1,1
51750,강원특별자치도,영월군,34027,0.0735,7.35,7,0,0,0,1,1,1,1,0,0,0,0,1,1,1
51760,강원특별자치도,평창군,37752,0.0815,8.15,8,0,0,0,1,1,1,1,0,0,0,1,1,1,1
51770,강원특별자치도,정선군,33063,0.0714,7.14,7,0,0,0,1,1,1,1,0,0,0,0,1,1,1
51780,강원특별자치도,철원군,36580,0.079,7.9,8,0,1,1,0,1,1,1,0,0,0,0,1,1,1
51790,강원특별자치도,화천군,20541,0.0443,4.43,5,0,1,0,0,0,1,1,0,0,0,0,0,1,1
51800,강원특별자치도,양구군,18555,0.0401,4.01,4,0,0,0,0,0,1,0,0,0,1,0,0,1,1
51810,강원특별자치도,인제군,28083,0.0606,6.06,6,0,0,1,0,1,1,1,0,0,0,0,0,1,1
51820,강원특별자치도,고성군,25037,0.0541,5.41,5,0,0,0,0,1,1,1,0,0,0,0,0,1,1
51830,강원특별자치도,양양군,25579,0.0552,5.52,6,0,0,0,0,1,1,1,0,0,0,0,1,1,1
52110,전북특별자치도,전주시,562449,1.2142,121.42,121,5,9,8,10,11,9,7,4,8,8,10,12,10,10
52130,전북특별자치도,군산시,232240,0.5014,50.14,50,2,3,3,4,5,4,4,2,2,3,4,5,4,5
52140,전북특별자치도,익산시,244912,0.5287,52.87,53,2,3,3,4,5,5,4,1,3,3,4,5,5,6
52180,전북특별자치도,정읍시,93826,0.2026,20.26,20,1,1,1,1,2,2,2,0,1,1,1,2,2,3
52190,전북특별자치도,남원시,68818,0.1486,14.86,15,0,1,1,1,1,2,1,1,1,1,1,1,1,2
52210,전북특별자치도,김제시,76130,0.1644,16.44,16,0,1,1,1,1,2,2,0,1,1,1,1,1,3
52710,전북특별자치도,완주군,91156,0.1968,19.68,20,1,1,1,1,2,2,2,1,1,1,1,2,2,2
52720,전북특별자치도,진안군,22923,0.0495,4.95,5,0,0,0,0,1,1,1,0,0,0,0,0,1,1
52730,전북특별자치도,무주군,21501,0.0464,4.64,5,0,0,0,0,1,1,1,0,0,0,0,0,1,1
52740,전북특별자치도,장수군,19707,0.0425,4.25,4,0,0,0,0,0,1,1,0,0,0,0,0,1,1
52750,전북특별자치도,임실군,23784,0.0513,5.13,5,0,0,0,0,1,1,1,0,0,0,0,0,1,1
52770,전북특별자치도,순창군,25978,0.0561,5.61,6,0,0,0,0,1,1,1,0,0,0,0,1,1,1
52790,전북특별자치도,고창군,47323,0.1022,10.22,10,0,1,0,1,1,1,1,0,0,0,1,1,1,2
52800,전북특별자치도,부안군,44406,0.0959,9.59,10,0,1,0,1,1,1,1,0,0,0,1,1,1,2
