행정구역코드,시도,시군구,인구,인구비중(%),이론표본,표본계,남성 0-9세,남성 10대,남성 20대,남성 30대,남성 40대,남성 50대,남성 60대,남성 70대,남성 80세 이상,여성 0-9세,여성 10대,여성 20대,여성 30대,여성 40대,여성 50대,여성 60대,여성 70대,여성 80세 이상
11110,서울특별시,종로구,137048,0.2681,26.81,27,1,1,2,2,2,2,2,1,1,0,1,2,2,2,2,2,1,1
11140,서울특별시,중구,117805,0.2305,23.05,23,1,1,1,2,1,1,2,1,0,1,1,2,2,1,2,2,1,1
11170,서울특별시,용산구,201894,0.395,39.5,39,1,1,2,3,3,3,3,1,1,1,1,3,4,3,3,3,2,1
11200,서울특별시,성동구,274606,0.5372,53.72,54,2,2,3,5,4,4,4,2,1,1,2,4,5,4,4,4,2,1
11215,서울특별시,광진구,331167,0.6479,64.79,65,1,2,5,6,4,5,4,2,1,1,2,6,6,5,5,5,3,2
11230,서울특별시,동대문구,346241,0.6773,67.73,68,2,2,5,5,5,5,5,3,1,2,2,6,5,5,5,5,3,2
11260,서울특별시,중랑구,376916,0.7374,73.74,74,2,2,4,6,5,6,6,3,1,2,2,5,6,5,6,7,4,2
11290,서울특별시,성북구,422559,0.8266,82.66,83,2,3,6,6,6,7,5,3,2,2,3,7,6,6,7,6,4,2
11305,서울특별시,강북구,278928,0.5457,54.57,54,1,2,3,3,4,5,4,3,1,1,2,4,3,3,5,5,3,2
11320,서울특별시,도봉구,299899,0.5867,58.67,59,1,2,3,4,4,5,5,3,1,1,2,4,4,4,5,6,3,2
11350,서울특별시,노원구,483541,0.9459,94.59,94,2,4,6,6,6,8,7,4,2,2,4,6,6,7,8,8,5,3
11380,서울특별시,은평구,455137,0.8904,89.04,89,2,3,5,6,6,7,6,4,2,2,3,6,7,7,8,7,5,3
11410,서울특별시,서대문구,300147,0.5872,58.72,59,2,2,4,4,4,4,4,2,1,2,2,5,5,4,5,4,3,2
11440,서울특별시,마포구,357616,0.6996,69.96,70,2,2,5,6,5,5,4,2,1,2,3,6,7,6,5,4,3,2
11470,서울특별시,양천구,425088,0.8316,83.16,83,2,5,5,5,7,7,6,3,1,2,4,5,5,7,7,6,4,2
11500,서울특별시,강서구,549711,1.0754,107.54,107,3,4,6,9,8,8,7,4,2,3,4,8,9,8,8,8,5,3
11530,서울특별시,구로구,383829,0.7509,75.09,75,2,3,4,6,6,6,5,3,1,2,3,5,6,5,6,6,4,2
11545,서울특별시,금천구,223290,0.4368,43.68,44,1,1,3,4,3,3,4,2,1,1,1,3,4,3,3,4,2,1
11560,서울특별시,영등포구,371362,0.7265,72.65,73,2,2,5,8,5,5,5,3,1,2,2,6,7,5,5,5,3,2
11590,서울특별시,동작구,371924,0.7276,72.76,73,2,3,6,6,5,5,4,3,2,2,2,6,6,5,6,5,3,2
11620,서울특별시,관악구,477605,0.9343,93.43,93,2,2,10,10,6,6,6,4,2,1,2,11,8,5,6,6,4,2
11650,서울특별시,서초구,414428,0.8107,81.07,81,3,5,4,5,6,6,4,3,1,3,5,5,6,8,7,5,3,2
11680,서울특별시,강남구,556330,1.0883,108.83,109,3,6,6,7,9,9,6,4,2,3,6,7,8,11,8,7,5,2
11710,서울특별시,송파구,643350,1.2586,125.86,126,4,6,7,10,10,9,8,5,2,4,5,8,11,10,10,9,5,3
11740,서울특별시,강동구,499127,0.9764,97.64,97,3,5,5,7,8,7,7,4,1,3,4,6,8,8,7,7,5,2
26110,부산광역시,중구,36518,0.0714,7.14,7,0,0,0,1,0,1,1,0,0,0,0,1,0,0,1,1,1,0
26140,부산광역시,서구,101892,0.1993,19.93,20,0,1,1,1,1,1,2,1,1,0,1,1,1,1,2,2,2,1
26170,부산광역시,동구,83851,0.164,16.4,16,0,1,1,1,1,1,1,1,0,0,1,1,1,1,1,2,1,1
26200,부산광역시,영도구,101580,0.1987,19.87,20,0,1,1,1,1,1,2,1,1,0,1,1,1,1,2,2,2,1
26230,부산광역시,부산진구,365378,0.7148,71.48,72,2,2,4,6,5,5,5,3,2,2,3,5,5,5,6,6,4,2
26260,부산광역시,동래구,273277,0.5346,53.46,54,2,3,3,3,4,4,4,3,1,2,3,2,3,4,4,4,3,2
26290,부산광역시,남구,250668,0.4904,49.04,49,1,2,3,3,3,4,4,3,1,1,2,3,3,3,4,4,3,2
26320,부산광역시,북구,262862,0.5142,51.42,52,2,2,3,3,3,4,5,3,1,1,2,2,3,3,5,5,3,2
26350,부산광역시,해운대구,372604,0.7289,72.89,73,2,4,4,4,5,6,6,3,1,2,3,4,4,6,7,6,4,2
26380,부산광역시,사하구,286222,0.5599,55.99,56,1,2,3,3,4,5,5,3,1,1,2,3,3,4,5,5,4,2
26410,부산광역시,금정구,206588,0.4041,40.41,40,1,2,3,2,2,3,3,2,1,1,2,2,2,2,3,4,3,2
26440,부산광역시,강서구,150299,0.294,29.4,29,2,2,1,2,3,2,1,1,0,2,2,1,2,3,2,2,1,0
26470,부산광역시,연제구,211727,0.4142,41.42,41,1,2,2,3,3,3,3,2,1,1,2,2,3,3,3,4,2,1
26500,부산광역시,수영구,169112,0.3308,33.08,33,1,1,2,2,2,3,2,2,1,1,1,2,2,2,3,3,2,1
26530,부산광역시,사상구,194124,0.3798,37.98,38,1,1,2,3,3,3,4,2,1,1,1,2,2,2,3,4,2,1
26710,부산광역시,기장군,174898,0.3421,34.21,34,1,2,2,2,3,3,2,1,1,1,2,1,2,3,3,2,2,1
27110,대구광역시,중구,101007,0.1976,19.76,20,1,1,1,2,1,1,1,1,0,1,1,2,2,1,1,1,1,1
27140,대구광역시,동구,339281,0.6637,66.37,66,2,3,3,5,5,5,5,3,1,2,3,3,4,4,6,6,4,2
27170,대구광역시,서구,163956,0.3207,32.07,32,1,1,1,2,2,3,3,2,1,1,1,1,2,2,3,3,2,1
27200,대구광역시,남구,135542,0.2652,26.52,27,1,1,1,2,2,2,2,1,1,1,1,2,1,2,2,2,2,1
27230,대구광역시,북구,409854,0.8018,80.18,80,2,4,5,5,6,7,6,3,1,2,4,5,4,6,8,6,4,2
27260,대구광역시,수성구,409222,0.8006,80.06,80,3,5,4,4,6,7,5,3,2,2,4,4,4,7,8,6,4,2
27290,대구광역시,달서구,517059,1.0115,101.15,101,3,5,6,6,7,9,8,4,1,3,5,5,5,7,10,9,5,3
27710,대구광역시,달성군,254659,0.4982,49.82,50,2,3,2,3,4,4,4,2,1,2,3,2,3,4,4,4,2,1
27720,대구광역시,군위군,22452,0.0439,4.39,4,0,0,0,0,0,0,1,1,0,0,0,0,0,0,0,1,1,0
28110,인천광역시,중구,176467,0.3452,34.52,34,1,2,2,3,3,3,2,1,0,1,2,2,3,3,2,2,1,1
28140,인천광역시,동구,56477,0.1105,11.05,11,0,0,1,1,1,1,1,1,0,0,0,0,1,1,1,1,1,0
28177,인천광역시,미추홀구,417578,0.8169,81.69,82,3,3,5,6,7,7,6,3,1,2,3,5,5,6,7,7,4,2
28185,인천광역시,연수구,409437,0.801,80.1,80,3,5,5,6,7,6,5,2,1,3,5,4,6,7,7,5,2,1
28200,인천광역시,남동구,480147,0.9393,93.93,94,3,5,6,6,7,8,7,4,1,2,4,5,6,7,8,8,4,3
28237,인천광역시,부평구,490442,0.9594,95.94,96,3,4,5,8,7,8,8,3,1,3,4,5,7,7,8,8,4,3
28245,인천광역시,계양구,277721,0.5433,54.33,54,1,2,3,4,4,5,5,2,1,1,2,3,4,4,5,5,2,1
28260,인천광역시,서구,654358,1.2801,128.01,128,6,7,7,10,11,11,9,3,1,5,6,7,10,11,10,8,4,2
28710,인천광역시,강화군,69698,0.1363,13.63,14,0,0,1,1,1,1,2,1,1,0,1,0,0,1,1,1,1,1
28720,인천광역시,옹진군,19636,0.0384,3.84,4,0,0,1,1,0,0,1,0,0,0,0,0,0,0,0,1,0,0
29110,광주광역시,동구,104888,0.2052,20.52,20,1,1,1,1,1,1,1,1,1,1,1,1,2,1,1,2,1,1
29140,광주광역시,서구,275063,0.5381,53.81,54,2,3,4,3,4,5,4,2,1,1,3,3,3,4,5,4,2,1
29155,광주광역시,남구,207596,0.4061,40.61,41,2,2,2,2,3,3,3,2,1,1,3,2,3,3,3,3,2,1
29170,광주광역시,북구,416862,0.8155,81.55,81,3,4,5,5,6,7,6,3,1,2,4,5,5,6,7,6,4,2
29200,광주광역시,광산구,387604,0.7583,75.83,76,3,5,5,5,6,7,5,2,1,3,4,5,5,6,7,4,2,1
30110,대전광역시,동구,218664,0.4278,42.78,43,1,2,3,3,3,4,3,2,1,1,2,3,2,3,3,3,2,2
30140,대전광역시,중구,225645,0.4414,44.14,44,1,2,2,3,3,4,3,2,1,1,2,3,3,3,4,3,2,2
30170,대전광역시,서구,463351,0.9064,90.64,91,3,5,6,7,7,7,6,3,1,3,4,6,6,7,8,6,4,2
30200,대전광역시,유성구,367534,0.719,71.9,72,3,4,6,6,5,5,4,2,1,3,4,5,5,6,6,4,2,1
30230,대전광역시,대덕구,165535,0.3238,32.38,32,1,1,2,2,2,3,3,1,1,1,1,2,2,2,3,3,1,1
31110,울산광역시,중구,204169,0.3994,39.94,40,1,2,2,3,3,3,3,2,1,1,2,2,2,3,4,3,2,1
31140,울산광역시,남구,304128,0.595,59.5,60,2,3,4,4,4,5,5,2,1,2,3,3,4,4,6,5,2,1
31170,울산광역시,동구,149257,0.292,29.2,29,1,2,2,2,3,2,2,1,0,1,2,1,2,2,2,3,1,0
31200,울산광역시,북구,215220,0.421,42.1,42,2,2,2,3,4,4,3,1,0,2,2,2,3,4,4,3,1,0
31710,울산광역시,울주군,219174,0.4288,42.88,43,1,2,2,3,3,4,4,2,1,1,2,2,2,3,4,4,2,1
36110,세종특별자치시,세종특별자치시,391965,0.7668,76.68,77,4,5,4,6,7,6,4,2,1,4,5,3,6,8,5,4,2,1
41110,경기도,수원시,1186515,2.3212,232.12,232,7,11,16,20,18,19,15,6,3,7,11,15,17,18,20,16,8,5
41130,경기도,성남시,905794,1.772,177.2,177,6,8,10,14,14,15,12,6,3,5,8,10,13,14,15,13,7,4
41150,경기도,의정부시,461572,0.903,90.3,90,3,4,5,6,7,8,7,3,1,3,4,5,6,6,8,7,4,3
41170,경기도,안양시,563279,1.1019,110.19,110,4,5,6,9,8,9,8,4,1,3,5,6,8,8,10,9,4,3
41190,경기도,부천시,758796,1.4844,148.44,148,4,6,8,11,11,13,12,6,2,4,6,8,10,11,13,13,6,4
41210,경기도,광명시,293947,0.575,57.5,58,2,3,3,4,5,5,4,2,1,2,3,3,4,5,5,4,2,1
41220,경기도,평택시,610402,1.1941,119.41,119,5,6,8,11,11,10,7,3,1,5,6,6,9,9,9,7,4,2
41250,경기도,동두천시,86438,0.1691,16.91,17,0,1,1,1,1,1,2,1,1,0,1,1,1,1,1,1,1,1
41270,경기도,안산시,612508,1.1982,119.82,120,3,5,9,9,9,12,10,3,1,3,5,8,7,8,12,9,4,3
41280,경기도,고양시,1060081,2.0738,207.38,207,6,9,12,14,15,18,16,7,3,6,9,12,14,16,20,16,8,6
41290,경기도,과천시,79908,0.1563,15.63,16,1,1,1,1,1,1,1,1,0,1,1,1,1,1,1,1,1,0
41310,경기도,구리시,186090,0.364,36.4,36,1,2,2,2,3,3,3,1,1,1,2,2,2,3,3,3,1,1
41360,경기도,남양주시,729754,1.4276,142.76,143,5,8,8,8,12,13,10,5,2,4,8,7,8,12,13,10,6,4
41370,경기도,오산시,249410,0.4879,48.79,49,2,3,3,4,5,4,3,1,0,2,3,3,3,4,4,3,1,1
41390,경기도,시흥시,515032,1.0075,100.75,101,4,5,6,8,9,9,7,3,1,4,5,5,7,8,9,6,3,2
41410,경기도,군포시,251367,0.4917,49.17,49,1,2,3,4,4,4,4,2,1,1,2,3,3,3,5,4,2,1
41430,경기도,의왕시,160370,0.3137,31.37,31,1,1,2,3,2,2,2,1,1,1,1,2,2,2,3,3,1,1
41450,경기도,하남시,327939,0.6415,64.15,64,3,3,3,5,6,5,4,2,1,3,3,3,5,6,5,4,2,1
41460,경기도,용인시,1091186,2.1347,213.47,214,7,12,13,14,17,19,13,7,4,7,12,12,13,18,19,13,9,5
41480,경기도,파주시,526005,1.029,102.9,103,4,5,6,7,9,9,7,3,2,4,5,5,7,8,8,7,4,3
41500,경기도,이천시,222967,0.4362,43.62,44,1,2,3,4,3,4,3,2,1,1,2,2,3,3,4,3,2,1
41550,경기도,안성시,196592,0.3846,38.46,38,1,2,2,2,3,3,3,2,1,1,2,2,2,3,3,3,2,1
41570,경기도,김포시,484792,0.9484,94.84,95,4,6,5,6,9,8,6,3,1,4,5,4,6,9,7,6,4,2
41590,경기도,화성시,989969,1.9367,193.67,194,9,12,11,17,19,16,10,4,2,9,11,10,15,17,14,10,5,3
41610,경기도,광주시,397346,0.7773,77.73,78,3,4,4,5,7,7,6,3,1,3,3,3,5,6,7,6,3,2
41630,경기도,양주시,296224,0.5795,57.95,58,2,3,3,4,5,5,4,2,1,2,3,3,4,4,5,4,2,2
41650,경기도,포천시,140452,0.2748,27.48,28,1,1,2,2,2,3,3,1,1,1,1,1,1,1,2,3,1,1
41670,경기도,여주시,114002,0.223,22.3,22,1,1,1,1,1,2,2,1,1,1,1,1,1,1,2,2,1,1
41800,경기도,연천군,42340,0.0828,8.28,8,0,0,1,1,0,1,1,1,0,0,0,0,0,0,1,1,1,0
41820,경기도,가평군,62125,0.1215,12.15,12,0,0,1,1,1,1,1,1,0,0,0,0,1,1,1,1,1,1
41830,경기도,양평군,126933,0.2483,24.83,25,1,1,1,1,1,2,3,1,1,1,1,1,1,1,2,3,2,1
43110,충청북도,청주시,856152,1.6749,167.49,167,6,8,11,13,13,14,12,6,2,6,8,9,11,12,14,12,6,4
43130,충청북도,충주시,206540,0.4041,40.41,40,1,2,2,2,3,3,4,2,1,1,2,2,2,2,3,4,2,2
43150,충청북도,제천시,128003,0.2504,25.04,25,1,1,1,1,2,2,3,1,1,1,1,1,1,1,2,2,2,1
43720,충청북도,보은군,30529,0.0597,5.97,6,0,0,0,0,0,1,1,1,0,0,0,0,0,0,0,1,1,1
43730,충청북도,옥천군,49601,0.097,9.7,10,0,0,1,0,1,1,1,1,0,0,0,0,0,1,1,1,1,1
43740,충청북도,영동군,43032,0.0842,8.42,8,0,0,0,1,0,1,1,1,0,0,0,0,0,0,1,1,1,1
43745,충청북도,증평군,36680,0.0718,7.18,7,0,0,0,1,1,1,1,0,0,0,0,0,0,1,1,1,0,0
43750,충청북도,진천군,86580,0.1694,16.94,17,1,1,1,1,1,1,1,1,0,1,1,1,1,1,1,1,1,1
43760,충청북도,괴산군,38293,0.0749,7.49,8,0,0,0,1,0,1,1,1,0,0,0,0,0,0,1,1,1,1
43770,충청북도,음성군,94280,0.1844,18.44,19,0,1,1,1,1,2,2,1,0,1,1,1,1,1,1,2,1,1
43800,충청북도,단양군,26812,0.0525,5.25,5,0,0,0,0,0,1,1,1,0,0,0,0,0,0,0,1,1,0
44130,충청남도,천안시,664322,1.2996,129.96,130,4,7,9,11,11,11,8,4,2,4,6,8,9,10,11,8,4,3
44150,충청남도,공주시,99979,0.1956,19.56,19,0,1,1,1,1,2,2,1,1,0,1,1,1,1,1,2,1,1
44180,충청남도,보령시,92117,0.1802,18.02,18,0,1,1,1,1,1,2,1,1,0,1,1,1,1,1,2,1,1
44200,충청남도,아산시,359378,0.703,70.3,70,3,4,4,5,7,6,4,2,1,3,4,3,5,6,5,4,2,2
44210,충청남도,서산시,172438,0.3373,33.73,34,1,2,2,2,3,3,3,1,1,1,2,1,2,2,3,3,1,1
44230,충청남도,논산시,106777,0.2089,20.89,21,0,1,1,1,1,2,2,1,1,1,1,1,1,1,2,2,1,1
44250,충청남도,계룡시,45846,0.0897,8.97,9,0,1,1,1,1,1,0,0,0,0,1,0,0,1,1,1,0,0
44270,충청남도,당진시,172564,0.3376,33.76,34,1,2,2,2,3,3,3,2,1,1,2,1,2,2,2,2,2,1
44710,충청남도,금산군,48898,0.0957,9.57,10,0,1,0,0,1,1,1,1,0,0,0,0,0,1,1,1,1,1
44760,충청남도,부여군,58377,0.1142,11.42,11,0,1,0,0,1,1,1,1,1,0,0,0,0,1,1,1,1,1
44770,충청남도,서천군,47225,0.0924,9.24,9,0,0,0,0,1,1,1,1,1,0,0,0,0,0,1,1,1,1
44790,충청남도,청양군,29986,0.0587,5.87,6,0,0,0,0,0,1,1,1,0,0,0,0,0,0,0,1,1,1
44800,충청남도,홍성군,100557,0.1967,19.67,20,1,1,1,1,1,1,2,1,1,1,1,1,1,1,1,2,1,1
44810,충청남도,예산군,78815,0.1542,15.42,15,0,1,1,1,1,1,2,1,1,0,0,0,1,1,1,1,1,1
44825,충청남도,태안군,59474,0.1163,11.63,12,0,0,1,1,1,1,1,1,1,0,0,0,0,1,1,1,1,1
46110,전라남도,목포시,202003,0.3952,39.52,40,1,2,2,2,3,4,3,2,1,1,2,2,2,3,4,3,2,1
46130,전라남도,여수시,263284,0.5151,51.51,51,2,2,3,3,4,5,4,3,1,2,2,2,2,3,4,4,3,2
46150,전라남도,순천시,275492,0.5389,53.89,54,2,3,3,3,4,4,4,2,1,2,3,3,3,4,5,4,2,2
46170,전라남도,나주시,117076,0.229,22.9,23,1,1,1,1,2,2,2,1,1,1,1,1,1,2,1,2,1,1
46230,전라남도,광양시,155259,0.3037,30.37,30,1,2,2,2,2,3,2,1,0,1,2,1,2,2,3,2,1,1
46710,전라남도,담양군,44177,0.0864,8.64,9,0,0,0,0,1,1,1,1,0,0,0,0,0,1,1,1,1,1
46720,전라남도,곡성군,27287,0.0534,5.34,5,0,0,0,0,0,1,1,0,0,0,0,0,0,0,0,1,1,1
46730,전라남도,구례군,23803,0.0466,4.66,5,0,0,0,0,0,1,1,0,0,0,0,0,0,0,0,1,1,1
46770,전라남도,고흥군,59455,0.1163,11.63,12,0,0,1,1,1,1,1,1,1,0,0,0,0,1,1,1,1,1
46780,전라남도,보성군,36858,0.0721,7.21,7,0,0,0,0,0,1,1,1,0,0,0,0,0,0,1,1,1,1
46790,전라남도,화순군,60215,0.1178,11.78,12,0,0,1,1,1,1,1,1,0,0,0,1,0,1,1,1,1,1
46800,전라남도,장흥군,34201,0.0669,6.69,7,0,0,0,0,0,1,1,1,0,0,0,0,0,0,1,1,1,1
46810,전라남도,강진군,31799,0.0622,6.22,6,0,0,0,0,0,1,1,1,0,0,0,0,0,0,0,1,1,1
46820,전라남도,해남군,62188,0.1217,12.17,12,0,1,1,0,1,1,1,1,1,0,0,0,0,1,1,1,1,1
46830,전라남도,영암군,50069,0.0979,9.79,10,0,0,1,0,1,1,1,0,0,0,1,0,0,1,1,1,1,1
46840,전라남도,무안군,95592,0.187,18.7,19,1,1,1,1,2,1,1,1,1,1,1,1,1,1,1,1,1,1
46860,전라남도,함평군,29458,0.0576,5.76,6,0,0,0,0,0,1,1,1,0,0,0,0,0,0,0,1,1,1
46870,전라남도,영광군,53526,0.1047,10.47,10,0,0,0,1,1,1,1,1,0,0,0,0,0,1,1,1,1,1
46880,전라남도,장성군,42958,0.084,8.4,8,0,0,0,0,1,1,1,1,0,0,0,0,0,0,1,1,1,1
46890,전라남도,완도군,44613,0.0873,8.73,9,0,0,0,0,1,1,1,1,0,0,0,0,0,1,1,1,1,1
46900,전라남도,진도군,27964,0.0547,5.47,5,0,0,0,0,0,1,1,0,0,0,0,0,0,0,0,1,1,1
46910,전라남도,신안군,41858,0.0819,8.19,8,0,0,0,0,1,1,1,1,0,0,0,0,0,0,1,1,1,1
47110,경상북도,포항시,488707,0.956,95.6,95,3,5,5,6,7,8,8,5,1,3,4,3,5,7,8,9,5,3
47130,경상북도,경주시,244055,0.4774,47.74,48,1,2,2,3,3,4,5,3,1,1,2,2,2,3,4,5,3,2
47150,경상북도,김천시,133791,0.2617,26.17,26,1,1,1,1,2,2,2,2,1,1,1,1,1,2,2,2,2,1
47170,경상북도,안동시,152610,0.2985,29.85,30,1,1,2,1,2,2,3,2,1,1,1,1,1,2,2,3,2,2
47190,경상북도,구미시,403883,0.7901,79.01,79,3,5,5,6,7,7,5,2,1,3,4,4,5,7,7,5,2,1
47210,경상북도,영주시,97162,0.1901,19.01,19,0,1,1,1,1,2,2,1,1,0,1,1,1,1,1,2,1,1
47230,경상북도,영천시,95185,0.1862,18.62,19,0,1,1,1,1,2,2,1,1,0,1,1,1,1,1,2,1,1
47250,경상북도,상주시,89888,0.1758,17.58,18,0,1,1,1,1,1,2,1,1,0,1,1,1,1,1,2,1,1
47280,경상북도,문경시,65348,0.1278,12.78,13,0,1,1,1,1,1,1,1,1,0,0,0,0,1,1,1,1,1
47290,경상북도,경산시,263853,0.5162,51.62,52,1,2,4,3,4,4,4,2,1,2,2,3,3,3,5,4,3,2
47730,경상북도,의성군,47902,0.0937,9.37,9,0,0,0,0,1,1,1,1,1,0,0,0,0,0,1,1,1,1
47750,경상북도,청송군,23363,0.0457,4.57,5,0,0,0,0,0,1,1,0,0,0,0,0,0,0,0,1,1,1
47760,경상북도,영양군,15941,0.0312,3.12,3,0,0,0,0,0,0,1,0,1,0,0,0,0,0,0,1,0,0
47770,경상북도,영덕군,32698,0.064,6.4,6,0,0,0,0,0,1,1,1,0,0,0,0,0,0,0,1,1,1
47820,경상북도,청도군,40117,0.0785,7.85,8,0,0,0,0,1,1,1,1,0,0,0,0,0,0,1,1,1,1
47830,경상북도,고령군,29667,0.058,5.8,6,0,0,0,0,0,1,1,1,0,0,0,0,0,0,1,1,1,0
47840,경상북도,성주군,40720,0.0797,7.97,8,0,0,0,0,1,1,1,1,0,0,0,0,0,0,1,1,1,1
47850,경상북도,칠곡군,104842,0.2051,20.51,20,1,1,1,1,2,2,2,1,0,0,1,1,1,1,2,1,1,1
47900,경상북도,예천군,53887,0.1054,10.54,10,0,0,0,1,1,1,1,1,0,0,0,0,0,1,1,1,1,1
47920,경상북도,봉화군,28315,0.0554,5.54,5,0,0,0,0,0,1,1,0,0,0,0,0,0,0,0,1,1,1
47930,경상북도,울진군,45896,0.0898,8.98,9,0,0,1,1,0,1,1,0,0,0,0,0,0,1,1,1,1,1
47940,경상북도,울릉군,8696,0.017,1.7,2,0,0,0,0,0,0,1,0,1,0,0,0,0,0,0,0,0,0
48120,경상남도,창원시,990898,1.9385,193.85,194,6,10,11,13,15,17,16,8,3,5,9,8,11,14,17,17,9,5
48170,경상남도,진주시,335939,0.6572,65.72,66,2,3,4,4,5,6,5,3,1,2,3,3,4,5,6,5,3,2
48220,경상남도,통영시,116667,0.2282,22.82,23,1,1,1,1,2,2,2,1,0,1,1,1,1,2,2,2,1,1
48240,경상남도,사천시,107935,0.2112,21.12,21,1,1,1,1,2,2,2,1,0,0,1,1,1,1,2,2,1,1
48250,경상남도,김해시,533035,1.0428,104.28,104,4,6,6,7,8,10,8,3,1,3,6,5,6,8,10,7,4,2
48270,경상남도,밀양시,99252,0.1942,19.42,19,0,1,1,1,1,2,2,1,1,0,1,1,1,1,1,2,1,1
48310,경상남도,거제시,231178,0.4522,45.22,45,2,3,2,2,5,5,3,1,1,1,3,2,2,4,4,3,1,1
48330,경상남도,양산시,361155,0.7065,70.65,71,3,4,3,5,6,6,5,3,1,2,4,3,4,6,6,5,3,2
48720,경상남도,의령군,24636,0.0482,4.82,5,0,0,0,0,0,1,1,0,0,0,0,0,0,0,0,1,1,1
48730,경상남도,함안군,57558,0.1126,11.26,11,0,1,0,0,1,1,1,1,0,0,1,0,0,1,1,1,1,1
48740,경상남도,창녕군,54900,0.1074,10.74,11,0,1,0,1,1,1,1,1,0,0,0,0,0,1,1,1,1,1
48820,경상남도,고성군,47099,0.0921,9.21,9,0,0,0,0,1,1,1,1,0,0,0,0,0,1,1,1,1,1
48840,경상남도,남해군,40770,0.0798,7.98,8,0,0,0,0,0,1,1,1,0,0,1,0,0,0,1,1,1,1
48850,경상남도,하동군,39974,0.0782,7.82,8,0,0,0,0,1,1,1,1,0,0,0,0,0,0,1,1,1,1
48860,경상남도,산청군,32745,0.0641,6.41,6,0,0,0,0,0,1,1,1,0,0,0,0,0,0,0,1,1,1
48870,경상남도,함양군,35472,0.0694,6.94,7,0,0,0,0,0,1,1,1,0,0,0,0,0,0,1,1,1,1
48880,경상남도,거창군,58980,0.1154,11.54,12,0,1,1,0,1,1,1,1,0,0,1,0,0,1,1,1,1,1
48890,경상남도,합천군,39190,0.0767,7.67,8,0,0,0,0,0,1,1,1,1,0,0,0,0,0,1,1,1,1
50110,제주특별자치도,제주시,485182,0.9492,94.92,95,3,5,5,6,7,9,7,3,2,3,5,5,6,7,8,7,4,3
50130,제주특별자치도,서귀포시,179610,0.3514,35.14,35,1,2,2,2,2,3,3,1,1,1,2,1,2,3,3,3,2,1
51110,강원특별자치도,춘천시,285234,0.558,55.8,56,2,3,4,4,4,4,4,2,1,2,3,3,3,4,4,4,3,2
51130,강원특별자치도,원주시,363194,0.7105,71.05,71,2,3,4,5,5,6,6,3,1,2,3,4,5,5,6,6,3,2
51150,강원특별자치도,강릉시,206237,0.4035,40.35,40,1,2,2,2,3,4,3,2,1,1,1,2,2,3,3,4,2,2
51170,강원특별자치도,동해시,86333,0.1689,16.89,17,0,1,1,1,1,2,1,1,0,1,1,1,1,1,1,1,1,1
51190,강원특별자치도,태백시,37088,0.0726,7.26,7,0,0,0,0,1,1,1,0,0,0,0,0,0,1,1,1,1,0
51210,강원특별자치도,속초시,79636,0.1558,15.58,16,0,1,1,1,1,1,1,1,0,1,1,1,1,1,1,2,1,0
51230,강원특별자치도,삼척시,60518,0.1184,11.84,12,0,0,1,1,1,1,1,1,0,0,0,1,0,1,1,1,1,1
51720,강원특별자치도,홍천군,66109,0.1293,12.93,13,0,0,1,1,1,1,2,1,0,0,1,0,0,1,1,1,1,1
51730,강원특별자치도,횡성군,45627,0.0893,8.93,9,0,1,0,0,0,1,1,1,0,0,0,0,0,1,1,1,1,1
51750,강원특별자치도,영월군,36054,0.0705,7.05,7,0,1,0,0,0,1,1,1,0,0,0,0,0,0,1,1,1,0
51760,강원특별자치도,평창군,39831,0.0779,7.79,8,0,0,1,0,1,1,1,1,0,0,0,0,0,0,1,1,1,0
51770,강원특별자치도,정선군,34879,0.0682,6.82,7,0,0,0,0,1,1,1,1,0,0,0,0,0,0,1,1,1,0
51780,강원특별자치도,철원군,39979,0.0782,7.82,8,0,0,1,1,1,1,1,0,0,0,0,0,1,0,1,1,0,0
51790,강원특별자치도,화천군,22371,0.0438,4.38,4,0,0,1,1,0,0,1,0,0,0,0,0,0,0,0,1,0,0
51800,강원특별자치도,양구군,20410,0.0399,3.99,4,0,0,1,1,0,0,1,0,0,0,0,0,0,0,1,0,0,0
51810,강원특별자치도,인제군,30863,0.0604,6.04,6,0,0,1,1,0,1,1,0,0,0,0,0,1,0,0,1,0,0
51820,강원특별자치도,고성군,26845,0.0525,5.25,5,0,0,1,0,0,1,1,0,0,0,0,0,0,0,1,1,0,0
51830,강원특별자치도,양양군,27292,0.0534,5.34,5,0,0,0,0,0,1,1,0,0,0,0,0,0,0,1,1,1,0
52110,전북특별자치도,전주시,625437,1.2235,122.35,123,4,7,8,8,9,10,8,4,2,4,6,7,7,9,11,9,6,4
52130,전북특별자치도,군산시,256291,0.5014,50.14,50,1,3,3,3,4,5,4,2,1,1,2,2,2,4,4,4,3,2
52140,전북특별자치도,익산시,267066,0.5225,52.25,52,1,3,3,3,3,5,4,3,1,1,2,3,3,3,5,4,3,2
52180,전북특별자치도,정읍시,101123,0.1978,19.78,20,0,1,1,1,1,2,2,1,1,0,1,1,1,1,2,2,1,1
52190,전북특별자치도,남원시,74272,0.1453,14.53,15,0,1,1,1,1,1,1,1,0,0,1,1,1,1,1,1,1,1
52210,전북특별자치도,김제시,81676,0.1598,15.98,16,0,1,1,1,1,1,2,1,1,0,0,1,1,1,1,1,1,1
52710,전북특별자치도,완주군,100444,0.1965,19.65,20,1,1,1,1,1,2,2,1,0,1,1,1,1,1,1,2,1,1
52720,전북특별자치도,진안군,24249,0.0474,4.74,5,0,0,0,0,0,1,1,0,1,0,0,0,0,0,0,1,0,1
52730,전북특별자치도,무주군,22787,0.0446,4.46,4,0,0,0,0,0,1,1,0,0,0,0,0,0,0,0,1,0,1
52740,전북특별자치도,장수군,20922,0.0409,4.09,4,0,0,0,0,0,1,1,0,0,0,0,0,0,0,0,1,0,1
52750,전북특별자치도,임실군,25259,0.0494,4.94,5,0,0,0,0,0,1,1,0,0,0,0,0,0,0,0,1,1,1
52770,전북특별자치도,순창군,27714,0.0542,5.42,5,0,0,0,0,0,1,1,0,0,0,0,0,0,0,0,1,1,1
52790,전북특별자치도,고창군,50396,0.0986,9.86,10,0,1,0,0,1,1,1,1,0,0,0,0,0,1,1,1,1,1
52800,전북특별자치도,부안군,47220,0.0924,9.24,9,0,0,0,0,1,1,1,1,0,0,0,0,0,1,1,1,1,1
